<?xml version="1.0" encoding="utf-8"?>
<selector xmlns:android="http://schemas.android.com/apk/res/android">

    <item android:state_pressed="true"><shape xmlns:android="http://schemas.android.com/apk/res/android" android:shape="rectangle">

        <stroke android:width=".5dp" android:color="#CEFF2A2A" />


        <corners android:radius="2px"/>
    </shape></item>
    <item><shape xmlns:android="http://schemas.android.com/apk/res/android" android:shape="rectangle">

        <stroke android:width=".5dp" android:color="#CEFF2A2A" />


        <corners android:radius="2px"/>
    </shape></item>

</selector>